Ref,Val,Package,PosX,PosY,Rot,Side
"C1",""TBD"","C_0402_1005Metric",110.000000,-95.520000,90.000000,top
"D1","LED","LED_0603_1608Metric",93.787500,-90.000000,0.000000,top
"D2","LED","LED_0603_1608Metric",93.787500,-95.000000,0.000000,top
"D3","LED","LED_0603_1608Metric",93.787500,-101.500000,0.000000,top
"J1","Conn_01x02_Socket","PinSocket_1x02_P2.54mm_Vertical",117.975000,-95.750000,180.000000,top
"R1","330R","R_0402_1005Metric",100.010000,-90.000000,0.000000,top
"R2","470R","R_0402_1005Metric",100.010000,-95.000000,0.000000,top
"R3","560R","R_0402_1005Metric",100.010000,-101.500000,0.000000,top
